<?xml version="1.0" encoding="UTF-8"?>
<!DOCTYPE suite SYSTEM "https://testng.org/testng-1.0.dtd">
<suite name="Suite">
<listeners><listener class-name="com.qa.testUtility.NewTest"></listener></listeners>
  <test thread-count="5" name="Test">
  <parameter name="Browser" value="Chrome"></parameter>
    <classes>
       <class name="com.qa.testscripts.SwagLogin_01"/>
      <class name="com.qa.testscripts.SwagLoginCart_01"/>
       <class name="com.qa.testscripts.SwagLogout_02"/>
      <class name="com.qa.testscripts.TestBase"/>
    </classes>
  </test> <!-- Test -->
</suite> <!-- Suite -->
