{
	"info": {
		"_postman_id": "e1fa9d98-0217-4104-adec-011c5829f009",
		"name": "Capstone_Task",
		"schema": "https://schema.getpostman.com/json/collection/v2.1.0/collection.json",
		"_exporter_id": "24412710"
	},
	"item": [
		{
			"name": "Positive_Test",
			"event": [
				{
					"listen": "prerequest",
					"script": {
						"exec": [
							""
						],
						"type": "text/javascript"
					}
				},
				{
					"listen": "test",
					"script": {
						"exec": [
							"pm.test(\"Status code is 200\", function () {\r",
							"    pm.response.to.have.status(200);\r",
							"});\r",
							"\r",
							"pm.test(\"Response time is less than 6000ms\", function () {\r",
							"    pm.expect(pm.response.responseTime).to.be.below(4450);\r",
							"});"
						],
						"type": "text/javascript"
					}
				}
			],
			"protocolProfileBehavior": {
				"disableBodyPruning": true
			},
			"request": {
				"method": "GET",
				"header": [],
				"body": {
					"mode": "raw",
					"raw": ""
				},
				"url": {
					"raw": "https://reqres.in/api/users?delay={{delayid}}",
					"protocol": "https",
					"host": [
						"reqres",
						"in"
					],
					"path": [
						"api",
						"users"
					],
					"query": [
						{
							"key": "name",
							"value": "${S.NO}",
							"disabled": true
						},
						{
							"key": "",
							"value": "",
							"disabled": true
						},
						{
							"key": "delay",
							"value": "{{delayid}}"
						}
					]
				}
			},
			"response": []
		},
		{
			"name": "Negative_Test",
			"event": [
				{
					"listen": "test",
					"script": {
						"exec": [
							"pm.test(\"Status code is 200\", function () {\r",
							"    pm.response.to.have.status(400);\r",
							"});\r",
							"\r",
							"pm.test(\"Body matches string\", function () {\r",
							"    pm.expect(pm.response.text()).to.include(\" anil\");\r",
							"});"
						],
						"type": "text/javascript"
					}
				}
			],
			"request": {
				"method": "GET",
				"header": [],
				"url": {
					"raw": "https://reqres.in/api/users?delay={{delayid}}",
					"protocol": "https",
					"host": [
						"reqres",
						"in"
					],
					"path": [
						"api",
						"users"
					],
					"query": [
						{
							"key": "delay",
							"value": "{{delayid}}"
						}
					]
				}
			},
			"response": []
		}
	],
	"event": [
		{
			"listen": "prerequest",
			"script": {
				"type": "text/javascript",
				"exec": [
					""
				]
			}
		},
		{
			"listen": "test",
			"script": {
				"type": "text/javascript",
				"exec": [
					"pm.collectionVariables.set(\"delayid\", \"${delayid}\");"
				]
			}
		}
	],
	"variable": [
		{
			"key": "name",
			"value": "S.NO",
			"type": "string",
			"disabled": true
		},
		{
			"key": "delayid",
			"value": "${delayid}",
			"type": "string"
		}
	]
}